Workbook

Sheet Raw sheet
A1: Student_ID | B1: Age | C1: Gender | D1: Family_Income | E1: Internet_Access | F1: Study_Hours_per_Day | G1: Attendance_Rate | H1: Assignment_Delay_Days | I1: Travel_Time_Minutes | J1: Part_Time_Job | K1: Scholarship | L1: Stress_Index | M1: GPA | N1: Semester_GPA | O1: CGPA | P1: Semester | Q1: Department | R1: Parental_Education | S1: Dropout
A2: 1 | B2: 22.1 | C2: Male | D2: 25000 | E2: Yes | F2: 3.36 | G2: 86.1 | H2: 2 | I2: 20.4 | J2: Yes | K2: No | L2: 5.5 | M2: 0.96 | N2: 0.9 | O2: 0.9 | P2: Year 1 | Q2: Arts | R2: High School | S2: 0
A3: 2 | B3: 20.7 | C3: Male | D3: 25000 | E3: Yes | F3: 4.3 | G3: 68 | H3: 2 | I3: 44 | J3: No | K3: No | L3: 6.8 | M3: 1.28 | N3: 1.2 | O3: 1.19 | P3: Year 3 | Q3: Engineering | R3: Bachelor | S3: 1
A4: 3 | B4: 22.4 | C4: Male | D4: 40183 | E4: Yes | F4: 4.4 | G4: 70.9 | H4: 0 | I4: 48.9 | J4: Yes | K4: No | L4: 5.5 | M4: 1.68 | N4: 1.32 | O4: 1.32 | P4: Year 1 | Q4: Arts | R4: Master | S4: 0
A5: 4 | B5: 24.4 | C5: Male | E5: Yes | G5: 82.2 | H5: 2 | I5: 38.6 | J5: No | K5: No | M5: 1.78 | N5: 1.77 | O5: 1.77 | P5: Year 1 | Q5: CS | R5: High School | S5: 1
A6: 5 | B6: 20.5 | C6: Female | D6: 25319 | E6: Yes | F6: 4.19 | G6: 75.7 | H6: 1 | I6: 23 | J6: No | K6: No | L6: 7 | M6: 1.48 | N6: 0.91 | O6: 0.87 | P6: Year 4 | Q6: Business | R6: Bachelor | S6: 0
A7: 6 | B7: 20.5 | C7: Male | D7: 25000 | E7: Yes | F7: 4.11 | G7: 89.1 | H7: 2 | I7: 47.1 | J7: No | K7: Yes | L7: 6 | M7: 2.52 | N7: 2.72 | O7: 2.69 | P7: Year 3 | Q7: Business | R7: None | S7: 0
A8: 7 | B8: 24.5 | C8: Male | D8: 25000 | E8: Yes | F8: 3 | G8: 78.2 | H8: 1 | I8: 37.4 | J8: Yes | K8: Yes | L8: 7.3 | M8: 0.64 | N8: 0.33 | O8: 0.44 | P8: Year 4 | Q8: CS | R8: Bachelor | S8: 0
A9: 8 | B9: 22.7 | C9: Female | D9: 25000 | E9: Yes | F9: 2.12 | G9: 86.4 | H9: 1 | I9: 34 | J9: No | K9: Yes | L9: 6.5 | M9: 1.79 | N9: 1.14 | O9: 1.14 | P9: Year 1 | Q9: Arts | R9: High School | S9: 0
A10: 9 | B10: 20 | C10: Male | D10: 57413 | E10: Yes | F10: 4.07 | G10: 97.5 | H10: 3 | I10: 52.1 | J10: No | K10: No | L10: 4.2 | M10: 3.08 | N10: 2.81 | O10: 2.81 | P10: Year 1 | Q10: CS | R10: High School | S10: 0
A11: 10 | B11: 22.2 | C11: Female | D11: 44930 | E11: Yes | F11: 2.98 | G11: 82.2 | H11: 1 | I11: 19.7 | J11: No | K11: No | L11: 6.7 | M11: 1.59 | N11: 1.73 | O11: 1.73 | P11: Year 1 | Q11: Science | R11: Master | S11: 0
A12: 11 | B12: 20 | C12: Female | D12: 25000 | E12: Yes | F12: 5.27 | G12: 73.9 | H12: 3 | I12: 39.3 | J12: Yes | K12: No | L12: 7.2 | M12: 1.52 | N12: 1.5 | O12: 1.46 | P12: Year 3 | Q12: Business | R12: Bachelor | S12: 1
A13: 12 | B13: 20 | C13: Male | D13: 46056 | E13: Yes | F13: 2.37 | G13: 85.2 | H13: 6 | I13: 20.2 | J13: Yes | K13: Yes | L13: 8 | M13: 0 | N13: 0.15 | O13: 0.15 | P13: Year 2 | Q13: Engineering | R13: Bachelor | S13: 1
A14: 13 | B14: 21.5 | C14: Female | D14: 50644 | E14: Yes | F14: 3.54 | G14: 84.3 | H14: 1 | I14: 22.7 | J14: No | K14: Yes | L14: 4.6 | M14: 2.56 | N14: 2.65 | O14: 2.72 | P14: Year 4 | Q14: CS | R14: None | S14: 0
A15: 14 | B15: 17 | C15: Female | D15: 27000 | E15: Yes | F15: 4.2 | G15: 84 | H15: 1 | I15: 61.2 | J15: No | K15: Yes | L15: 4.8 | M15: 2.68 | N15: 2.7 | O15: 2.7 | P15: Year 1 | Q15: Business | R15: Bachelor | S15: 0
A16: 15 | B16: 17.2 | C16: Male | E16: Yes | G16: 92.9 | H16: 1 | I16: 36 | J16: Yes | K16: No | M16: 2.6 | N16: 2.77 | O16: 2.92 | P16: Year 3 | Q16: Engineering | R16: Bachelor | S16: 0
A17: 16 | B17: 19.8 | C17: Male | D17: 26246 | E17: No | F17: 3.49 | G17: 72.5 | H17: 2 | I17: 52.2 | J17: No | K17: No | L17: 7 | M17: 2.81 | N17: 3.15 | O17: 3.15 | P17: Year 1 | Q17: Arts | R17: Master | S17: 0
A18: 17 | B18: 18.8 | C18: Female | D18: 28037 | E18: Yes | F18: 4.24 | G18: 90 | H18: 2 | I18: 36.5 | J18: No | K18: Yes | L18: 4.6 | M18: 2.55 | N18: 2.2 | O18: 2.2 | P18: Year 1 | Q18: Engineering | R18: High School | S18: 0
A19: 18 | B19: 21.7 | C19: Female | D19: 25000 | E19: Yes | F19: 4.8 | G19: 77.2 | H19: 0 | I19: 34.8 | J19: Yes | K19: Yes | L19: 4.3 | M19: 1.99 | N19: 1.8 | O19: 1.78 | P19: Year 4 | Q19: Business | R19: Master | S19: 0
A20: 19 | B20: 19 | C20: Female | D20: 37058 | E20: Yes | F20: 4.99 | G20: 93 | H20: 2 | I20: 22.5 | J20: No | K20: No | L20: 4.7 | M20: 3.25 | N20: 3.59 | O20: 3.59 | P20: Year 1 | Q20: Arts | R20: Bachelor | S20: 0
A21: 20 | B21: 17.9 | C21: Male | D21: 35168 | E21: Yes | F21: 4.48 | G21: 65 | H21: 1 | I21: 41.7 | J21: No | K21: No | L21: 5.6 | M21: 1.71 | N21: 1.63 | O21: 1.63 | P21: Year 1 | Q21: Business | R21: Bachelor | S21: 1
A22: 21 | B22: 24.2 | C22: Female | D22: 38833 | E22: Yes | F22: 6.35 | G22: 99.8 | H22: 2 | I22: 30.3 | J22: No | K22: Yes | L22: 3.9 | M22: 2.63 | N22: 2.23 | O22: 2.23 | P22: Year 1 | Q22: CS | R22: Bachelor | S22: 0
A23: 22 | B23: 20.5 | C23: Male | D23: 35149 | E23: Yes | F23: 3.48 | G23: 79.8 | H23: 0 | I23: 31 | J23: Yes | K23: No | L23: 6.3 | M23: 2.09 | N23: 2.01 | O23: 2 | P23: Year 3 | Q23: Arts | R23: Master | S23: 0
A24: 23 | B24: 21.1 | C24: Female | D24: 46069 | E24: Yes | F24: 6.25 | G24: 72.3 | H24: 2 | I24: 26.9 | J24: Yes | K24: Yes | L24: 2.4 | M24: 4 | N24: 4 | O24: 3.92 | P24: Year 3 | Q24: CS | R24: Bachelor | S24: 0
A25: 24 | B25: 17.9 | C25: Female | D25: 26700 | E25: Yes | F25: 4.9 | G25: 89.3 | H25: 3 | I25: 28.8 | J25: No | K25: Yes | L25: 4 | M25: 3.14 | N25: 3.11 | O25: 3.04 | P25: Year 4 | Q25: Business | R25: Bachelor | S25: 0
A26: 25 | B26: 19.8 | C26: Female | D26: 33559 | E26: Yes | F26: 4.32 | G26: 86.1 | H26: 3 | I26: 30.3 | J26: Yes | K26: No | L26: 5.8 | M26: 0.42 | N26: 0.39 | O26: 0.43 | P26: Year 4 | Q26: Business | R26: PhD | S26: 1
A27: 26 | B27: 21.2 | C27: Female | D27: 25000 | E27: Yes | F27: 4.42 | G27: 85.6 | H27: 2 | I27: 31.5 | J27: No | K27: No | L27: 3.8 | M27: 3.47 | N27: 3.7 | O27: 3.66 | P27: Year 2 | Q27: CS | R27: Master | S27: 0
A28: 27 | B28: 18.5 | C28: Female | D28: 25000 | E28: Yes | F28: 5.22 | G28: 89.4 | H28: 0 | I28: 29.4 | J28: No | K28: No | L28: 4.7 | M28: 1.66 | N28: 1.77 | O28: 1.67 | P28: Year 3 | Q28: Science | R28: Bachelor | S28: 0
... A30: 29 | B30: 19.7 | C30: Male | D30: 25000 | E30: Yes | F30: 4.19 | G30: 79.7 | H30: 1 | I30: 36.5 | J30: Yes | K30: No | L30: 9.3 | M30: 1.15 | N30: 0.77 | O30: 0.76 | P30: Year 3 | Q30: Business | R30: High School | S30: 0
A31: 30 | B31: 20.4 | C31: Female | E31: No | G31: 72.7 | H31: 3 | I31: 28.5 | J31: No | K31: No | M31: 2.78 | N31: 3.03 | O31: 3.03 | P31: Year 1 | Q31: CS | R31: High School | S31: 0
A32: 31 | B32: 19.7 | C32: Female | D32: 25000 | E32: Yes | F32: 6.08 | G32: 81.1 | H32: 7 | I32: 5 | J32: Yes | K32: No | L32: 5.9 | M32: 3.96 | N32: 3.8 | O32: 3.82 | P32: Year 4 | Q32: CS | R32: Bachelor | S32: 0
A33: 32 | B33: 25.1 | C33: Male | E33: Yes | G33: 77.9 | H33: 3 | I33: 10.9 | J33: No | K33: Yes | M33: 2.56 | N33: 2.4 | O33: 2.48 | P33: Year 3 | Q33: Science | R33: Bachelor | S33: 1
A34: 33 | B34: 21 | C34: Male | D34: 34785 | E34: Yes | F34: 6.6 | G34: 81.9 | H34: 2 | I34: 24.3 | J34: No | K34: No | L34: 3.6 | M34: 3.62 | N34: 3.52 | O34: 3.53 | P34: Year 4 | Q34: Arts | R34: PhD | S34: 0
A35: 34 | B35: 18.7 | C35: Male | E35: Yes | G35: 67.9 | H35: 1 | I35: 45.3 | J35: Yes | K35: Yes | M35: 1.64 | N35: 1.69 | O35: 1.65 | P35: Year 3 | Q35: Arts | R35: Bachelor | S35: 0
A36: 35 | B36: 22.8 | C36: Female | D36: 25000 | E36: Yes | F36: 2.19 | G36: 95.9 | H36: 2 | I36: 37.3 | J36: Yes | K36: Yes | L36: 5.2 | M36: 0.76 | N36: 0.14 | O36: 0.02 | P36: Year 3 | Q36: Science | R36: Bachelor | S36: 0
A37: 36 | B37: 18.3 | C37: Female | E37: Yes | G37: 61 | H37: 1 | I37: 21.8 | J37: No | K37: Yes | M37: 0.81 | N37: 0.96 | O37: 0.97 | P37: Year 3 | Q37: Arts | R37: Bachelor | S37: 1
A38: 37 | B38: 21.5 | C38: Male | D38: 26034 | E38: No | F38: 2.9 | G38: 80.9 | H38: 1 | I38: 27.7 | J38: No | K38: Yes | L38: 7.6 | M38: 1.61 | N38: 1.41 | O38: 1.45 | P38: Year 4 | Q38: Business | R38: Bachelor | S38: 0
A39: 38 | B39: 17 | C39: Female | D39: 25000 | E39: Yes | F39: 6.16 | G39: 78.5 | H39: 0 | I39: 43.3 | J39: No | K39: No | L39: 4.7 | M39: 3.66 | N39: 3.35 | O39: 3.42 | P39: Year 2 | Q39: Science | R39: High School | S39: 0
A40: 39 | B40: 18.1 | C40: Male | D40: 77705 | E40: Yes | F40: 2.25 | G40: 70.8 | H40: 1 | I40: 22.6 | J40: No | K40: No | L40: 5 | M40: 2.16 | N40: 1.91 | O40: 2.01 | P40: Year 2 | Q40: Business | R40: None | S40: 0
A41: 40 | B41: 21.4 | C41: Female | E41: Yes | G41: 85 | H41: 3 | I41: 17 | J41: Yes | K41: No | M41: 3.1 | N41: 3.57 | O41: 3.55 | P41: Year 2 | Q41: Business | R41: Master | S41: 0
A42: 41 | B42: 22.6 | C42: Male | D42: 25000 | E42: No | F42: 5.91 | G42: 74.5 | H42: 2 | I42: 40.6 | J42: No | K42: No | L42: 5.6 | M42: 2.29 | N42: 2.36 | O42: 2.35 | P42: Year 2 | Q42: Engineering | R42: Bachelor | S42: 0
A43: 42 | B43: 21.4 | C43: Male | D43: 41216 | E43: Yes | F43: 7.6 | G43: 85 | H43: 1 | I43: 43.4 | J43: Yes | K43: Yes | L43: 4.4 | M43: 1.62 | N43: 1.69 | O43: 1.69 | P43: Year 1 | Q43: Business | R43: High School | S43: 0
A44: 43 | B44: 20.7 | C44: Male | D44: 49772 | E44: Yes | F44: 3.86 | G44: 95.6 | H44: 6 | I44: 22.7 | J44: No | K44: Yes | L44: 6.7 | M44: 2.34 | N44: 2.71 | O44: 2.71 | P44: Year 1 | Q44: Business | R44: Bachelor | S44: 0
A45: 44 | B45: 20.3 | C45: Male | D45: 41183 | E45: Yes | F45: 4.15 | G45: 72.1 | H45: 2 | I45: 35.9 | J45: Yes | K45: Yes | L45: 8.4 | M45: 2.32 | N45: 2.79 | O45: 2.82 | P45: Year 3 | Q45: Business | R45: High School | S45: 1
A46: 45 | B46: 17.7 | C46: Female | D46: 25000 | E46: Yes | F46: 2.48 | G46: 89 | H46: 1 | I46: 29.5 | J46: No | K46: Yes | L46: 7.4 | M46: 0.63 | N46: 0.45 | O46: 0.5 | P46: Year 4 | Q46: Engineering | R46: Master | S46: 0
A47: 46 | B47: 19.4 | C47: Female | D47: 25682 | E47: Yes | F47: 3.51 | G47: 69.7 | H47: 2 | I47: 22.9 | J47: No | K47: No | L47: 7.9 | M47: 1.58 | N47: 1.43 | O47: 1.43 | P47: Year 1 | Q47: Business | R47: Master | S47: 0
A48: 47 | B48: 20 | C48: Male | D48: 25000 | E48: Yes | F48: 6.84 | G48: 75.6 | H48: 1 | I48: 44 | J48: Yes | K48: No | L48: 5.2 | M48: 3.36 | N48: 3.59 | O48: 3.66 | P48: Year 4 | Q48: Business | R48: Bachelor | S48: 0
A49: 48 | B49: 23.3 | C49: Male | D49: 25000 | E49: Yes | F49: 5.13 | G49: 86.5 | H49: 1 | I49: 22 | J49: Yes | K49: No | L49: 3.6 | M49: 4 | N49: 3.95 | O49: 4 | P49: Year 4 | Q49: CS | R49: Bachelor | S49: 0
A50: 49 | B50: 21.8 | C50: Male | D50: 25000 | E50: Yes | F50: 5.58 | G50: 79.8 | H50: 2 | I50: 39.1 | J50: Yes | K50: No | L50: 1.9 | M50: 4 | N50: 3.73 | O50: 3.77 | P50: Year 2 | Q50: Business | R50: Bachelor | S50: 0
A51: 50 | B51: 17.1 | C51: Female | D51: 27754 | E51: Yes | F51: 4.84 | G51: 93.6 | H51: 3 | I51: 30.8 | J51: No | K51: No | L51: 1.8 | M51: 2.8 | N51: 3.38 | O51: 3.38 | P51: Year 1 | Q51: Engineering | R51: High School | S51: 0
A52: 51 | B52: 21.7 | C52: Female | D52: 25000 | E52: Yes | F52: 5.39 | G52: 83 | H52: 1 | I52: 27.9 | J52: Yes | K52: No | L52: 5.1 | M52: 4 | N52: 4 | O52: 3.94 | P52: Year 4 | Q52: CS | R52: Bachelor | S52: 0
A53: 52 | B53: 20.2 | C53: Male | D53: 26368 | E53: Yes | F53: 6.52 | G53: 86.2 | H53: 1 | I53: 23.3 | J53: No | K53: No | L53: 6.4 | M53: 2.89 | N53: 2.7 | O53: 2.65 | P53: Year 3 | Q53: Business | R53: Bachelor | S53: 0
... A77: 76 | B77: 22.8 | C77: Male | D77: 25000 | E77: Yes | F77: 3.51 | G77: 82 | H77: 2 | I77: 31.3 | J77: Yes | K77: No | L77: 4.1 | M77: 2.35 | N77: 2.56 | O77: 2.52 | P77: Year 2 | Q77: Science | R77: Bachelor | S77: 0
A78: 77 | B78: 21.2 | C78: Female | E78: Yes | G78: 79 | H78: 2 | I78: 27.8 | J78: No | K78: No | M78: 3.72 | N78: 3.67 | O78: 3.59 | P78: Year 3 | Q78: Science | R78: Bachelor | S78: 0
A79: 78 | B79: 20.3 | C79: Male | D79: 44514 | E79: Yes | F79: 1.93 | G79: 58.7 | H79: 3 | I79: 33.3 | J79: Yes | K79: No | L79: 6.7 | M79: 1.88 | N79: 1.8 | O79: 1.8 | P79: Year 1 | Q79: Science | R79: None | S79: 1
A80: 79 | B80: 21.2 | C80: Male | D80: 25000 | E80: Yes | F80: 4.16 | G80: 76.1 | H80: 2 | I80: 25.1 | J80: No | K80: No | L80: 6.1 | M80: 0.7 | N80: 1.08 | O80: 1.27 | P80: Year 4 | Q80: Engineering | R80: High School | S80: 0
A81: 80 | B81: 17 | C81: Female | D81: 29235 | E81: Yes | F81: 4.53 | G81: 65 | H81: 0 | I81: 39.1 | J81: No | K81: Yes | L81: 4.7 | M81: 1.57 | N81: 1.17 | O81: 1.17 | P81: Year 1 | Q81: CS | R81: High School | S81: 0
A82: 81 | B82: 20.5 | C82: Male | E82: No | G82: 79.4 | H82: 2 | I82: 21.4 | J82: No | K82: No | M82: 2.06 | N82: 1.85 | O82: 1.85 | P82: Year 1 | Q82: CS | R82: Master | S82: 0
A83: 82 | B83: 21.8 | C83: Male | D83: 53998 | E83: Yes | F83: 5.25 | G83: 87.7 | H83: 1 | I83: 17.8 | J83: No | K83: No | L83: 7.7 | M83: 0.87 | N83: 0.76 | O83: 0.76 | P83: Year 1 | Q83: CS | R83: Master | S83: 0
A84: 83 | B84: 24.3 | C84: Male | D84: 25000 | E84: Yes | F84: 5.56 | G84: 82.4 | H84: 2 | I84: 32.7 | J84: No | K84: Yes | L84: 5.4 | M84: 0.83 | N84: 0.86 | O84: 0.89 | P84: Year 3 | Q84: Engineering | R84: Bachelor | S84: 0
A85: 84 | B85: 19.9 | C85: Male | D85: 25000 | E85: Yes | F85: 6.75 | G85: 83.1 | H85: 0 | I85: 52.2 | J85: No | K85: No | L85: 5.5 | M85: 1.96 | N85: 1.86 | O85: 1.86 | P85: Year 4 | Q85: Science | R85: Master | S85: 0
A86: 85 | B86: 19.2 | C86: Male | D86: 25000 | E86: Yes | F86: 2.8 | G86: 80.8 | H86: 2 | I86: 11.7 | J86: No | K86: No | L86: 8.2 | M86: 3 | N86: 3.11 | O86: 3.11 | P86: Year 4 | Q86: Arts | R86: Bachelor | S86: 0
A87: 86 | B87: 19.9 | C87: Male | D87: 25000 | E87: Yes | F87: 4.37 | G87: 83.7 | H87: 0 | I87: 16.3 | J87: No | K87: No | L87: 7.4 | M87: 3.03 | N87: 2.94 | O87: 2.94 | P87: Year 2 | Q87: Engineering | R87: Master | S87: 0
A88: 87 | B88: 23 | C88: Female | D88: 25000 | E88: Yes | F88: 2.46 | G88: 100 | H88: 1 | I88: 32.8 | J88: No | K88: Yes | L88: 4.3 | M88: 3.12 | N88: 3.19 | O88: 3.2 | P88: Year 3 | Q88: Arts | R88: Master | S88: 0
A89: 88 | B89: 21.7 | C89: Female | D89: 25000 | E89: Yes | F89: 4.79 | G89: 79.2 | H89: 3 | I89: 43.5 | J89: Yes | K89: No | L89: 7.4 | M89: 1.22 | N89: 1.44 | O89: 1.42 | P89: Year 4 | Q89: CS | R89: Master | S89: 1
A90: 89 | B90: 19.8 | C90: Male | E90: Yes | G90: 81.9 | H90: 0 | I90: 33.7 | J90: No | K90: No | M90: 2.96 | N90: 2.79 | O90: 2.7 | P90: Year 3 | Q90: Arts | R90: High School | S90: 1
A91: 90 | B91: 22.1 | C91: Female | D91: 32176 | E91: Yes | F91: 1.49 | G91: 75.1 | H91: 1 | I91: 22.7 | J91: No | K91: No | L91: 3.6 | M91: 2.96 | N91: 2.94 | O91: 2.94 | P91: Year 1 | Q91: Science | R91: Bachelor | S91: 0
A92: 91 | B92: 21.2 | C92: Male | D92: 39933 | E92: Yes | F92: 4.35 | G92: 66.8 | H92: 1 | I92: 35 | J92: No | K92: No | L92: 7.8 | M92: 2.37 | N92: 2.7 | O92: 2.64 | P92: Year 3 | Q92: Arts | R92: High School | S92: 0
A93: 92 | B93: 23.1 | C93: Male | D93: 33807 | E93: No | F93: 3.74 | G93: 84.1 | H93: 0 | I93: 36.2 | J93: Yes | K93: No | L93: 4.2 | M93: 0.75 | N93: 0.64 | O93: 0.67 | P93: Year 4 | Q93: Business | R93: High School | S93: 1
A94: 93 | B94: 19.5 | C94: Male | E94: No | G94: 91.1 | H94: 3 | I94: 21.8 | J94: No | K94: No | M94: 3.54 | N94: 3.8 | O94: 3.8 | P94: Year 1 | Q94: CS | R94: High School | S94: 0
A95: 94 | B95: 20.3 | C95: Female | D95: 50359 | E95: Yes | F95: 3.62 | G95: 100 | H95: 0 | I95: 39.9 | J95: No | K95: No | L95: 4.8 | M95: 3.28 | N95: 3.68 | O95: 3.63 | P95: Year 3 | Q95: Business | R95: High School | S95: 0
A96: 95 | B96: 20.1 | C96: Male | D96: 25000 | E96: Yes | F96: 6.68 | G96: 80.5 | H96: 3 | I96: 29.6 | J96: No | K96: Yes | L96: 9.2 | M96: 0.32 | N96: 0.01 | O96: 0.01 | P96: Year 1 | Q96: Arts | R96: High School | S96: 0
A97: 96 | B97: 17.8 | C97: Female | D97: 25000 | E97: Yes | F97: 4.75 | G97: 79.9 | H97: 0 | I97: 9 | J97: No | K97: No | L97: 3.8 | M97: 0.31 | N97: 0.4 | O97: 0.43 | P97: Year 4 | Q97: CS | R97: Master | S97: 1
A98: 97 | B98: 21.7 | C98: Female | E98: Yes | G98: 74.5 | H98: 0 | I98: 28.4 | J98: Yes | K98: No | M98: 1.52 | N98: 1.5 | O98: 1.5 | P98: Year 4 | Q98: CS | R98: Bachelor | S98: 0
A99: 98 | B99: 21.6 | C99: Female | D99: 29331 | E99: No | F99: 3.57 | G99: 95.7 | H99: 4 | I99: 23.2 | J99: No | K99: No | L99: 4.9 | M99: 2.78 | N99: 2.59 | O99: 2.62 | P99: Year 2 | Q99: Business | R99: PhD | S99: 0
A100: 99 | B100: 21 | C100: Female | D100: 25000 | E100: Yes | F100: 1.48 | G100: 72.1 | H100: 2 | I100: 45.7 | J100: No | K100: Yes | L100: 6.4 | M100: 1.86 | N100: 2.13 | O100: 2.13 | P100: Year 1 | Q100: Engineering | R100: PhD | S100: 0
A101: 100 | B101: 20.5 | C101: Female | D101: 51391 | E101: Yes | F101: 2.6 | G101: 87.3 | H101: 0 | I101: 14.1 | J101: Yes | K101: Yes | L101: 5.4 | M101: 1.29 | N101: 1.4 | O101: 1.4 | P101: Year 2 | Q101: CS | R101: High School | S101: 0
A102: 101 | B102: 17.9 | C102: Male | D102: 97535 | E102: Yes | F102: 6.19 | G102: 96.6 | H102: 1 | I102: 24.2 | J102: No | K102: Yes | L102: 4.3 | M102: 4 | N102: 4 | O102: 4 | P102: Year 3 | Q102: Business | R102: Master | S102: 1
A103: 102 | B103: 20.1 | C103: Male | E103: Yes | G103: 80 | H103: 2 | I103: 33.1 | J103: Yes | K103: Yes | M103: 2.3 | N103: 2.29 | O103: 2.3 | P103: Year 3 | Q103: Science | R103: High School | S103: 0
A104: 103 | B104: 20.2 | C104: Female | D104: 31276 | E104: Yes | F104: 4.59 | G104: 72.7 | H104: 1 | I104: 59 | J104: Yes | K104: No | L104: 7.9 | M104: 2.1 | N104: 2.3 | O104: 2.3 | P104: Year 1 | Q104: Engineering | R104: Bachelor | S104: 0
A105: 104 | B105: 19.2 | C105: Female | D105: 49497 | E105: Yes | F105: 4.51 | G105: 88.3 | H105: 2 | I105: 53.5 | J105: No | K105: Yes | L105: 2.6 | M105: 3.2 | N105: 3.28 | O105: 3.24 | P105: Year 4 | Q105: Business | R105: Bachelor | S105: 0
A106: 105 | B106: 20.6 | C106: Male | D106: 25000 | E106: Yes | F106: 5.84 | G106: 71.2 | H106: 2 | I106: 29.5 | J106: No | K106: No | L106: 4.3 | M106: 1.92 | N106: 1.95 | O106: 1.92 | P106: Year 4 | Q106: Science | R106: Bachelor | S106: 0
A107: 106 | B107: 21.9 | C107: Male | D107: 30245 | E107: Yes | F107: 4.42 | G107: 91.5 | H107: 0 | I107: 34.2 | J107: Yes | K107: No | L107: 6.4 | M107: 1.36 | N107: 1.01 | O107: 1.01 | P107: Year 1 | Q107: Arts | R107: None | S107: 0
A108: 107 | B108: 25.1 | C108: Male | E108: Yes | G108: 97.9 | H108: 4 | I108: 37.2 | J108: Yes | K108: Yes | M108: 3.55 | N108: 3.36 | O108: 3.36 | P108: Year 1 | Q108: Engineering | R108: Master | S108: 1
A109: 108 | B109: 21.4 | C109: Male | E109: Yes | G109: 63 | H109: 3 | I109: 17.9 | J109: Yes | K109: No | M109: 1.82 | N109: 1.72 | O109: 1.66 | P109: Year 2 | Q109: Engineering | R109: High School | S109: 1
A110: 109 | B110: 21.6 | C110: Male | E110: No | G110: 95.3 | H110: 1 | I110: 30.1 | J110: No | K110: No | M110: 1.35 | N110: 1.44 | O110: 1.55 | P110: Year 2 | Q110: Science | R110: Bachelor | S110: 0
A111: 110 | B111: 20.8 | C111: Female | D111: 26596 | E111: Yes | F111: 3.64 | G111: 87.1 | H111: 2 | I111: 46.3 | J111: No | K111: No | L111: 6.6 | M111: 1.59 | N111: 1.43 | O111: 1.43 | P111: Year 2 | Q111: Business | R111: Bachelor | S111: 0
A112: 111 | B112: 17 | C112: Female | D112: 28669 | E112: No | F112: 6.21 | G112: 93.1 | H112: 0 | I112: 31.7 | J112: No | K112: Yes | L112: 6.4 | M112: 3.82 | N112: 4 | O112: 4 | P112: Year 1 | Q112: Business | R112: Bachelor | S112: 0
A113: 112 | B113: 20.9 | C113: Male | D113: 25000 | E113: No | F113: 2.63 | G113: 76.8 | H113: 1 | I113: 53.4 | J113: Yes | K113: No | L113: 6.8 | M113: 0.96 | N113: 1.19 | O113: 1.19 | P113: Year 1 | Q113: Business | R113: Bachelor | S113: 1
A114: 113 | B114: 21.1 | C114: Female | D114: 104579 | E114: Yes | F114: 3.34 | G114: 87 | H114: 2 | I114: 24.7 | J114: Yes | K114: No | L114: 6.1 | M114: 2.47 | N114: 2.67 | O114: 2.68 | P114: Year 3 | Q114: Science | R114: Master | S114: 0
A115: 114 | B115: 26.4 | C115: Female | D115: 25000 | E115: Yes | F115: 1.63 | G115: 83.9 | H115: 2 | I115: 28.9 | J115: No | K115: No | L115: 4.9 | M115: 1.34 | N115: 2.12 | O115: 2.13 | P115: Year 2 | Q115: Arts | R115: High School | S115: 1
A116: 115 | B116: 20.6 | C116: Male | D116: 25000 | E116: Yes | F116: 5.31 | G116: 75.7 | H116: 1 | I116: 29 | J116: Yes | K116: No | L116: 7.2 | M116: 1.81 | N116: 1.49 | O116: 1.49 | P116: Year 4 | Q116: Business | R116: High School | S116: 0
A117: 116 | B117: 21.7 | C117: Male | D117: 28108 | E117: Yes | F117: 4.45 | G117: 79.2 | H117: 3 | I117: 14.4 | J117: No | K117: Yes | L117: 4.6 | M117: 3.06 | N117: 2.83 | O117: 2.83 | P117: Year 1 | Q117: Business | R117: Bachelor | S117: 0
A118: 117 | B118: 20.9 | C118: Female | D118: 51263 | E118: Yes | F118: 6.26 | G118: 86.6 | H118: 0 | I118: 43.3 | J118: No | K118: Yes | L118: 5.2 | M118: 2.45 | N118: 2.48 | O118: 2.48 | P118: Year 4 | Q118: CS | R118: High School | S118: 0
A119: 118 | B119: 18.4 | C119: Female | D119: 30045 | E119: No | F119: 3.17 | G119: 73 | H119: 2 | I119: 26 | J119: Yes | K119: No | L119: 2.5 | M119: 3.4 | N119: 2.71 | O119: 2.69 | P119: Year 4 | Q119: Science | R119: Master | S119: 0
A120: 119 | B120: 23.5 | C120: Male | D120: 39789 | E120: Yes | F120: 2.97 | G120: 72.4 | H120: 2 | I120: 33.1 | J120: Yes | K120: Yes | L120: 4.6 | M120: 2.9 | N120: 2.99 | O120: 2.96 | P120: Year 3 | Q120: Science | R120: Bachelor | S120: 0
A121: 120 | B121: 22.7 | C121: Female | E121: Yes | G121: 56.8 | H121: 0 | I121: 22.8 | J121: Yes | K121: Yes | M121: 0.5 | N121: 0 | O121: 0 | P121: Year 1 | Q121: Engineering | R121: Master | S121: 0
A122: 121 | B122: 22.7 | C122: Male | D122: 72592 | E122: No | F122: 4.59 | G122: 75.8 | H122: 3 | I122: 50.7 | J122: No | K122: Yes | L122: 5.5 | M122: 2.31 | N122: 1.81 | O122: 1.83 | P122: Year 2 | Q122: Arts | R122: Bachelor | S122: 1
A123: 122 | B123: 19 | C123: Male | D123: 41649 | E123: Yes | F123: 3.54 | G123: 84.3 | H123: 4 | I123: 44.8 | J123: No | K123: No | L123: 7.2 | M123: 2.54 | N123: 2.61 | O123: 2.67 | P123: Year 2 | Q123: Engineering | R123: None | S123: 1
A124: 123 | B124: 24.1 | C124: Male | D124: 55749 | E124: Yes | F124: 4.39 | G124: 77.9 | H124: 0 | I124: 30.7 | J124: No | K124: No | L124: 4.7 | M124: 0 | N124: 0 | O124: 0 | P124: Year 4 | Q124: Arts | R124: Bachelor | S124: 0
...

Sheet Student droput dataset
A1: Student_ID | B1: Age | C1: Gender | D1: Family_Income | E1: Income Level | F1: Internet_Access | G1: Study_Hours_per_Day | H1: Attendance_Rate | I1: Attendance_Status | J1: Assignment_Delay_Days | K1: Travel_Time_Minutes | L1: Part_Time_Job | M1: Scholarship | N1: Stress_Index | O1: Stress Level | P1: GPA | Q1: Semester_GPA | R1: CGPA | S1: GPA Category | T1: Semester | U1: Department | V1: Parental_Education | W1: Dropout | X1: Dropout_Status
A2: 1 | B2: 22.1 | C2: Male | D2: =IF(ISBLANK('Raw sheet'!D2),AVERAGE('Raw sheet'!$D$2:'Raw sheet'!$D$1500),'Raw sheet'!D2) -> 25000 | E2: =IF(Table1[[#This Row],[Family_Income]]>=100000,"Upper",IF(D2>=50000,"Middle","Lower")) -> Lower | F2: Yes | G2: =IF(ISBLANK('Raw sheet'!F2),AVERAGE('Raw sheet'!$F$2:'Raw sheet'!$F$1500),'Raw sheet'!F2) -> 3.36 | H2: 86.1 | I2: =IF(H2>=75,"Good","Low") -> Good | J2: 2 | K2: 20.4 | L2: Yes | M2: No | N2: =IF(ISBLANK('Raw sheet'!L2),AVERAGE('Raw sheet'!$L$2:'Raw sheet'!$L$1500),'Raw sheet'!L2) -> 5.5 | O2: =IF(Table1[[#This Row],[Stress_Index]]>=8,"High",IF(N2>=5,"Medium","Low")) -> Medium | P2: 0.96 | Q2: 0.9 | R2: 0.9 | S2: =IF(Table1[[#This Row],[CGPA]]>=3,"High",IF(R1>=2,"Medium","Low")) -> Medium | T2: Year 1 | U2: Arts | V2: High School | W2: 0 | X2: =IF(W2=1,"Dropped Out","Active") -> Active
A3: 2 | B3: 20.7 | C3: Male | D3: =IF(ISBLANK('Raw sheet'!D3),AVERAGE('Raw sheet'!$D$2:'Raw sheet'!$D$1500),'Raw sheet'!D3) -> 25000 | E3: =IF(Table1[[#This Row],[Family_Income]]>=100000,"Upper",IF(D3>=50000,"Middle","Lower")) -> Lower | F3: Yes | G3: =IF(ISBLANK('Raw sheet'!F3),AVERAGE('Raw sheet'!$F$2:'Raw sheet'!$F$1500),'Raw sheet'!F3) -> 4.3 | H3: 68 | I3: =IF(H3>=75,"Good","Low") -> Low | J3: 2 | K3: 44 | L3: No | M3: No | N3: =IF(ISBLANK('Raw sheet'!L3),AVERAGE('Raw sheet'!$L$2:'Raw sheet'!$L$1500),'Raw sheet'!L3) -> 6.8 | O3: =IF(Table1[[#This Row],[Stress_Index]]>=8,"High",IF(N3>=5,"Medium","Low")) -> Medium | P3: 1.28 | Q3: 1.2 | R3: 1.19 | S3: =IF(Table1[[#This Row],[CGPA]]>=3,"High",IF(R2>=2,"Medium","Low")) -> Low | T3: Year 3 | U3: Engineering | V3: Bachelor | W3: 1 | X3: =IF(W3=1,"Dropped Out","Active") -> Dropped Out
A4: 3 | B4: 22.4 | C4: Male | D4: =IF(ISBLANK('Raw sheet'!D4),AVERAGE('Raw sheet'!$D$2:'Raw sheet'!$D$1500),'Raw sheet'!D4) -> 40183 | E4: =IF(Table1[[#This Row],[Family_Income]]>=100000,"Upper",IF(D4>=50000,"Middle","Lower")) -> Lower | F4: Yes | G4: =IF(ISBLANK('Raw sheet'!F4),AVERAGE('Raw sheet'!$F$2:'Raw sheet'!$F$1500),'Raw sheet'!F4) -> 4.4 | H4: 70.9 | I4: =IF(H4>=75,"Good","Low") -> Low | J4: 0 | K4: 48.9 | L4: Yes | M4: No | N4: =IF(ISBLANK('Raw sheet'!L4),AVERAGE('Raw sheet'!$L$2:'Raw sheet'!$L$1500),'Raw sheet'!L4) -> 5.5 | O4: =IF(Table1[[#This Row],[Stress_Index]]>=8,"High",IF(N4>=5,"Medium","Low")) -> Medium | P4: 1.68 | Q4: 1.32 | R4: 1.32 | S4: =IF(Table1[[#This Row],[CGPA]]>=3,"High",IF(R3>=2,"Medium","Low")) -> Low | T4: Year 1 | U4: Arts | V4: Master | W4: 0 | X4: =IF(W4=1,"Dropped Out","Active") -> Active
A5: 4 | B5: 24.4 | C5: Male | D5: =IF(ISBLANK('Raw sheet'!D5),AVERAGE('Raw sheet'!$D$2:'Raw sheet'!$D$1500),'Raw sheet'!D5) -> 38587.003 | E5: =IF(Table1[[#This Row],[Family_Income]]>=100000,"Upper",IF(D5>=50000,"Middle","Lower")) -> Lower | F5: Yes | G5: =IF(ISBLANK('Raw sheet'!F5),AVERAGE('Raw sheet'!$F$2:'Raw sheet'!$F$1500),'Raw sheet'!F5) -> 4.0178702 | H5: 82.2 | I5: =IF(H5>=75,"Good","Low") -> Good | J5: 2 | K5: 38.6 | L5: No | M5: No | N5: =IF(ISBLANK('Raw sheet'!L5),AVERAGE('Raw sheet'!$L$2:'Raw sheet'!$L$1500),'Raw sheet'!L5) -> 5.5242595 | O5: =IF(Table1[[#This Row],[Stress_Index]]>=8,"High",IF(N5>=5,"Medium","Low")) -> Medium | P5: 1.78 | Q5: 1.77 | R5: 1.77 | S5: =IF(Table1[[#This Row],[CGPA]]>=3,"High",IF(R4>=2,"Medium","Low")) -> Low | T5: Year 1 | U5: CS | V5: High School | W5: 1 | X5: =IF(W5=1,"Dropped Out","Active") -> Dropped Out
A6: 5 | B6: 20.5 | C6: Female | D6: =IF(ISBLANK('Raw sheet'!D6),AVERAGE('Raw sheet'!$D$2:'Raw sheet'!$D$1500),'Raw sheet'!D6) -> 25319 | E6: =IF(Table1[[#This Row],[Family_Income]]>=100000,"Upper",IF(D6>=50000,"Middle","Lower")) -> Lower | F6: Yes | G6: =IF(ISBLANK('Raw sheet'!F6),AVERAGE('Raw sheet'!$F$2:'Raw sheet'!$F$1500),'Raw sheet'!F6) -> 4.19 | H6: 75.7 | I6: =IF(H6>=75,"Good","Low") -> Good | J6: 1 | K6: 23 | L6: No | M6: No | N6: =IF(ISBLANK('Raw sheet'!L6),AVERAGE('Raw sheet'!$L$2:'Raw sheet'!$L$1500),'Raw sheet'!L6) -> 7 | O6: =IF(Table1[[#This Row],[Stress_Index]]>=8,"High",IF(N6>=5,"Medium","Low")) -> Medium | P6: 1.48 | Q6: 0.91 | R6: 0.87 | S6: =IF(Table1[[#This Row],[CGPA]]>=3,"High",IF(R5>=2,"Medium","Low")) -> Low | T6: Year 4 | U6: Business | V6: Bachelor | W6: 0 | X6: =IF(W6=1,"Dropped Out","Active") -> Active
A7: 6 | B7: 20.5 | C7: Male | D7: =IF(ISBLANK('Raw sheet'!D7),AVERAGE('Raw sheet'!$D$2:'Raw sheet'!$D$1500),'Raw sheet'!D7) -> 25000 | E7: =IF(Table1[[#This Row],[Family_Income]]>=100000,"Upper",IF(D7>=50000,"Middle","Lower")) -> Lower | F7: Yes | G7: =IF(ISBLANK('Raw sheet'!F7),AVERAGE('Raw sheet'!$F$2:'Raw sheet'!$F$1500),'Raw sheet'!F7) -> 4.11 | H7: 89.1 | I7: =IF(H7>=75,"Good","Low") -> Good | J7: 2 | K7: 47.1 | L7: No | M7: Yes | N7: =IF(ISBLANK('Raw sheet'!L7),AVERAGE('Raw sheet'!$L$2:'Raw sheet'!$L$1500),'Raw sheet'!L7) -> 6 | O7: =IF(Table1[[#This Row],[Stress_Index]]>=8,"High",IF(N7>=5,"Medium","Low")) -> Medium | P7: 2.52 | Q7: 2.72 | R7: 2.69 | S7: =IF(Table1[[#This Row],[CGPA]]>=3,"High",IF(R6>=2,"Medium","Low")) -> Low | T7: Year 3 | U7: Business | V7: None | W7: 0 | X7: =IF(W7=1,"Dropped Out","Active") -> Active
A8: 7 | B8: 24.5 | C8: Male | D8: =IF(ISBLANK('Raw sheet'!D8),AVERAGE('Raw sheet'!$D$2:'Raw sheet'!$D$1500),'Raw sheet'!D8) -> 25000 | E8: =IF(Table1[[#This Row],[Family_Income]]>=100000,"Upper",IF(D8>=50000,"Middle","Lower")) -> Lower | F8: Yes | G8: =IF(ISBLANK('Raw sheet'!F8),AVERAGE('Raw sheet'!$F$2:'Raw sheet'!$F$1500),'Raw sheet'!F8) -> 3 | H8: 78.2 | I8: =IF(H8>=75,"Good","Low") -> Good | J8: 1 | K8: 37.4 | L8: Yes | M8: Yes | N8: =IF(ISBLANK('Raw sheet'!L8),AVERAGE('Raw sheet'!$L$2:'Raw sheet'!$L$1500),'Raw sheet'!L8) -> 7.3 | O8: =IF(Table1[[#This Row],[Stress_Index]]>=8,"High",IF(N8>=5,"Medium","Low")) -> Medium | P8: 0.64 | Q8: 0.33 | R8: 0.44 | S8: =IF(Table1[[#This Row],[CGPA]]>=3,"High",IF(R7>=2,"Medium","Low")) -> Medium | T8: Year 4 | U8: CS | V8: Bachelor | W8: 0 | X8: =IF(W8=1,"Dropped Out","Active") -> Active
A9: 8 | B9: 22.7 | C9: Female | D9: =IF(ISBLANK('Raw sheet'!D9),AVERAGE('Raw sheet'!$D$2:'Raw sheet'!$D$1500),'Raw sheet'!D9) -> 25000 | E9: =IF(Table1[[#This Row],[Family_Income]]>=100000,"Upper",IF(D9>=50000,"Middle","Lower")) -> Lower | F9: Yes | G9: =IF(ISBLANK('Raw sheet'!F9),AVERAGE('Raw sheet'!$F$2:'Raw sheet'!$F$1500),'Raw sheet'!F9) -> 2.12 | H9: 86.4 | I9: =IF(H9>=75,"Good","Low") -> Good | J9: 1 | K9: 34 | L9: No | M9: Yes | N9: =IF(ISBLANK('Raw sheet'!L9),AVERAGE('Raw sheet'!$L$2:'Raw sheet'!$L$1500),'Raw sheet'!L9) -> 6.5 | O9: =IF(Table1[[#This Row],[Stress_Index]]>=8,"High",IF(N9>=5,"Medium","Low")) -> Medium | P9: 1.79 | Q9: 1.14 | R9: 1.14 | S9: =IF(Table1[[#This Row],[CGPA]]>=3,"High",IF(R8>=2,"Medium","Low")) -> Low | T9: Year 1 | U9: Arts | V9: High School | W9: 0 | X9: =IF(W9=1,"Dropped Out","Active") -> Active
A10: 9 | B10: 20 | C10: Male | D10: =IF(ISBLANK('Raw sheet'!D10),AVERAGE('Raw sheet'!$D$2:'Raw sheet'!$D$1500),'Raw sheet'!D10) -> 57413 | E10: =IF(Table1[[#This Row],[Family_Income]]>=100000,"Upper",IF(D10>=50000,"Middle","Lower")) -> Middle | F10: Yes | G10: =IF(ISBLANK('Raw sheet'!F10),AVERAGE('Raw sheet'!$F$2:'Raw sheet'!$F$1500),'Raw sheet'!F10) -> 4.07 | H10: 97.5 | I10: =IF(H10>=75,"Good","Low") -> Good | J10: 3 | K10: 52.1 | L10: No | M10: No | N10: =IF(ISBLANK('Raw sheet'!L10),AVERAGE('Raw sheet'!$L$2:'Raw sheet'!$L$1500),'Raw sheet'!L10) -> 4.2 | O10: =IF(Table1[[#This Row],[Stress_Index]]>=8,"High",IF(N10>=5,"Medium","Low")) -> Low | P10: 3.08 | Q10: 2.81 | R10: 2.81 | S10: =IF(Table1[[#This Row],[CGPA]]>=3,"High",IF(R9>=2,"Medium","Low")) -> Low | T10: Year 1 | U10: CS | V10: High School | W10: 0 | X10: =IF(W10=1,"Dropped Out","Active") -> Active
A11: 10 | B11: 22.2 | C11: Female | D11: =IF(ISBLANK('Raw sheet'!D11),AVERAGE('Raw sheet'!$D$2:'Raw sheet'!$D$1500),'Raw sheet'!D11) -> 44930 | E11: =IF(Table1[[#This Row],[Family_Income]]>=100000,"Upper",IF(D11>=50000,"Middle","Lower")) -> Lower | F11: Yes | G11: =IF(ISBLANK('Raw sheet'!F11),AVERAGE('Raw sheet'!$F$2:'Raw sheet'!$F$1500),'Raw sheet'!F11) -> 2.98 | H11: 82.2 | I11: =IF(H11>=75,"Good","Low") -> Good | J11: 1 | K11: 19.7 | L11: No | M11: No | N11: =IF(ISBLANK('Raw sheet'!L11),AVERAGE('Raw sheet'!$L$2:'Raw sheet'!$L$1500),'Raw sheet'!L11) -> 6.7 | O11: =IF(Table1[[#This Row],[Stress_Index]]>=8,"High",IF(N11>=5,"Medium","Low")) -> Medium | P11: 1.59 | Q11: 1.73 | R11: 1.73 | S11: =IF(Table1[[#This Row],[CGPA]]>=3,"High",IF(R10>=2,"Medium","Low")) -> Medium | T11: Year 1 | U11: Science | V11: Master | W11: 0 | X11: =IF(W11=1,"Dropped Out","Active") -> Active
A12: 11 | B12: 20 | C12: Female | D12: =IF(ISBLANK('Raw sheet'!D12),AVERAGE('Raw sheet'!$D$2:'Raw sheet'!$D$1500),'Raw sheet'!D12) -> 25000 | E12: =IF(Table1[[#This Row],[Family_Income]]>=100000,"Upper",IF(D12>=50000,"Middle","Lower")) -> Lower | F12: Yes | G12: =IF(ISBLANK('Raw sheet'!F12),AVERAGE('Raw sheet'!$F$2:'Raw sheet'!$F$1500),'Raw sheet'!F12) -> 5.27 | H12: 73.9 | I12: =IF(H12>=75,"Good","Low") -> Low | J12: 3 | K12: 39.3 | L12: Yes | M12: No | N12: =IF(ISBLANK('Raw sheet'!L12),AVERAGE('Raw sheet'!$L$2:'Raw sheet'!$L$1500),'Raw sheet'!L12) -> 7.2 | O12: =IF(Table1[[#This Row],[Stress_Index]]>=8,"High",IF(N12>=5,"Medium","Low")) -> Medium | P12: 1.52 | Q12: 1.5 | R12: 1.46 | S12: =IF(Table1[[#This Row],[CGPA]]>=3,"High",IF(R11>=2,"Medium","Low")) -> Low | T12: Year 3 | U12: Business | V12: Bachelor | W12: 1 | X12: =IF(W12=1,"Dropped Out","Active") -> Dropped Out
A13: 12 | B13: 20 | C13: Male | D13: =IF(ISBLANK('Raw sheet'!D13),AVERAGE('Raw sheet'!$D$2:'Raw sheet'!$D$1500),'Raw sheet'!D13) -> 46056 | E13: =IF(Table1[[#This Row],[Family_Income]]>=100000,"Upper",IF(D13>=50000,"Middle","Lower")) -> Lower | F13: Yes | G13: =IF(ISBLANK('Raw sheet'!F13),AVERAGE('Raw sheet'!$F$2:'Raw sheet'!$F$1500),'Raw sheet'!F13) -> 2.37 | H13: 85.2 | I13: =IF(H13>=75,"Good","Low") -> Good | J13: 6 | K13: 20.2 | L13: Yes | M13: Yes | N13: =IF(ISBLANK('Raw sheet'!L13),AVERAGE('Raw sheet'!$L$2:'Raw sheet'!$L$1500),'Raw sheet'!L13) -> 8 | O13: =IF(Table1[[#This Row],[Stress_Index]]>=8,"High",IF(N13>=5,"Medium","Low")) -> High | P13: 0 | Q13: 0.15 | R13: 0.15 | S13: =IF(Table1[[#This Row],[CGPA]]>=3,"High",IF(R12>=2,"Medium","Low")) -> Low | T13: Year 2 | U13: Engineering | V13: Bachelor | W13: 1 | X13: =IF(W13=1,"Dropped Out","Active") -> Dropped Out
... A1500: 1499 | B1500: 23.3 | C1500: Male | D1500: =IF(ISBLANK('Raw sheet'!D1500),AVERAGE('Raw sheet'!$D$2:'Raw sheet'!$D$1500),'Raw sheet'!D1500) -> 38587.003 | E1500: =IF(Table1[[#This Row],[Family_Income]]>=100000,"Upper",IF(D1500>=50000,"Middle","Lower")) -> Lower | F1500: Yes | G1500: =IF(ISBLANK('Raw sheet'!F1500),AVERAGE('Raw sheet'!$F$2:'Raw sheet'!$F$1500),'Raw sheet'!F1500) -> 4.0178702 | H1500: 95.9 | I1500: =IF(H1500>=75,"Good","Low") -> Good | J1500: 1 | K1500: 7 | L1500: Yes | M1500: No | N1500: =IF(ISBLANK('Raw sheet'!L1500),AVERAGE('Raw sheet'!$L$2:'Raw sheet'!$L$1500),'Raw sheet'!L1500) -> 5.5242595 | O1500: =IF(Table1[[#This Row],[Stress_Index]]>=8,"High",IF(N1500>=5,"Medium","Low")) -> Medium | P1500: 2.66 | Q1500: 2.79 | R1500: 2.79 | S1500: =IF(Table1[[#This Row],[CGPA]]>=3,"High",IF(R1499>=2,"Medium","Low")) -> Low | T1500: Year 1 | U1500: Arts | V1500: Master | W1500: 0 | X1500: =IF(W1500=1,"Dropped Out","Active") -> Active
